"Years","1980","1981","1982","1983","1984","1985","1986","1987","1988","1989","1990","1991","1992","1993","1994","1995","1996","1997","1998","1999","2000","2001","2002","2003","2004","2005","2006","2007","2008","2009","2010","2011","2012","2013","2014","2015","2016","2017","2018"
"Imports ($)","342124000000","375898000000","377296000000","400828000000","501074000000","512274000000","560007000000","623127000000","693969000000","752874000000","791097000000","730773000000","807574000000","869272000000","994314000000","1121616000000","1205896000000","1336538000000","1414479000000","1591946000000","1873098000000","1733922000000","1769109000000","1925788000000","2269544000000","2631067000000","3015121000000","3270365000000","3423647000000","2655580000000","3055256000000","3427209000000","3521870000000","3561792000000","3706967000000","3615051000000","3616656000000","3882380000000","4190165000000"
"    By type",,,,,,,,,,,,,,,,,,,,,,,,,,,,,,,,,,,,,,,
"        Imports of goods ($)","249750000000","265067000000","247642000000","268901000000","332418000000","338088000000","368425000000","409765000000","447189000000","477665000000","498438000000","491020000000","536528000000","589394000000","668690000000","749374000000","803113000000","876794000000","918637000000","1035590000000","1231720000000","1153700000000","1173280000000","1272090000000","1488350000000","1695820000000","1878190000000","1986350000000","2141290000000","1580030000000","1938950000000","2239890000000","2303750000000","2294250000000","2385480000000","2273250000000","2208010000000","2360880000000","2563650000000"
"            By type",,,,,,,,,,,,,,,,,,,,,,,,,,,,,,,,,,,,,,,
"                Foods, feeds, and beverages ($)",,,,,,,,,,,,,,,,,,,,"44081000000","46489000000","47218000000","50318000000","56521000000","62999000000","69072000000","76081000000","82974000000","90439000000","82861000000","92492000000","108257000000","111127000000","116003000000","126805000000","128762000000","131024000000","138810000000","148431000000"
"                Industrial supplies and materials ($)",,,,,,,,,,,,,,,,,,,,"224140000000","303768000000","279193000000","272761000000","320045000000","420399000000","533686000000","613242000000","648412000000","798796000000","469641000000","610268000000","765553000000","734803000000","686673000000","675567000000","492483000000","441848000000","511561000000","583426000000"
"                Capital goods except automotive ($)",,,,,,,,,,,,,,,,,,,,"296095000000","347706000000","299150000000","284923000000","297643000000","346116000000","382833000000","422611000000","449117000000","458698000000","374054000000","450406000000","513430000000","551777000000","558971000000","598759000000","607160000000","593854000000","643620000000","696582000000"
"                Automotive vehicles, parts, and engines ($)",,,,,,,,,,,,,,,,,,,,"178242000000","194954000000","188746000000","202777000000","209172000000","227332000000","238715000000","255962000000","258497000000","233204000000","159188000000","225641000000","255226000000","298498000000","309573000000","329498000000","350049000000","351058000000","359849000000","373197000000"
"                Consumer goods except food and automotive ($)",,,,,,,,,,,,,,,,,,,,"243650000000","284634000000","287054000000","311331000000","338383000000","378112000000","412734000000","447647000000","479758000000","485679000000","429853000000","485121000000","515868000000","518821000000","532876000000","558700000000","596417000000","585177000000","603922000000","650217000000"
"                Other general merchandise ($)",,,,,,,,,,,,,,,,,,,,"43331000000","48229000000","47958000000","48209000000","46567000000","49169000000","54161000000","56773000000","58524000000","60974000000","54034000000","60519000000","63578000000","69508000000","72402000000","80688000000","85789000000","86887000000","90913000000","101220000000"
"                Other imports of goods ($)",,,,,,,,,,,,,,,,,,,,"6053000000","5942000000","4382000000","2962000000","3758000000","4222000000","4619000000","5878000000","9065000000","13497000000","10394000000","14503000000","17974000000","19215000000","17749000000","15463000000","12589000000","18160000000","12203000000","10578000000"
"            By region",,,,,,,,,,,,,,,,,,,,,,,,,,,,,,,,,,,,,,,
"                Canada ($)",,,,,,,,,,,,,,,,,,,,,,,,"224507000000","259712000000","294216000000","306214000000","320027000000","342190000000","227959000000","281822000000","321163000000","329893000000","338332000000","355871000000","302806000000","283601000000","305523000000","324866000000"
"                Europe ($)",,,,,,,,,,,,,,,,,,,,,,,,"288069000000","324670000000","359705000000","388066000000","415973000000","448676000000","335283000000","387488000000","455876000000","461996000000","466160000000","499070000000","496009000000","486037000000","509242000000","575767000000"
"                    By region",,,,,,,,,,,,,,,,,,,,,,,,,,,,,,,,,,,,,,,
"                        Belgium ($)",,,,,,,,,,,,,,,,,,,,,,,,"10352000000","12709000000","13267000000","14605000000","15474000000","17591000000","13992000000","15775000000","17819000000","17701000000","19316000000","21236000000","19663000000","17169000000","15136000000","17353000000"
"                        France ($)",,,,,,,,,,,,,,,,,,,,,,,,"29476000000","31927000000","34312000000","37531000000","41965000000","44658000000","34509000000","38817000000","40769000000","42394000000","46615000000","48003000000","48415000000","47052000000","49265000000","52901000000"
"                        Germany ($)",,,,,,,,,,,,,,,,,,,,,,,,"68713000000","78010000000","85733000000","89980000000","95201000000","98938000000","72316000000","83505000000","99997000000","110342000000","115343000000","125098000000","125462000000","114580000000","117950000000","126260000000"
"                        Italy ($)",,,,,,,,,,,,,,,,,,,,,,,,"25526000000","28274000000","31293000000","32894000000","35297000000","36593000000","26740000000","28797000000","34369000000","37324000000","39111000000","42752000000","44475000000","45491000000","50140000000","54961000000"
"                        Luxembourg ($)",,,,,,,,,,,,,,,,,,,,,,,,"271000000","296000000","390000000","532000000","537000000","539000000","475000000","447000000","480000000","590000000","640000000","742000000","610000000","507000000","517000000","579000000"
"                        Netherlands ($)",,,,,,,,,,,,,,,,,,,,,,,,"11760000000","12713000000","15230000000","17575000000","18608000000","21547000000","16243000000","19446000000","24167000000","22968000000","19925000000","21445000000","17197000000","16347000000","18114000000","24932000000"
"                        UK ($)",,,,,,,,,,,,,,,,,,,,,,,,"43345000000","46761000000","51826000000","54518000000","57836000000","60251000000","48679000000","51553000000","52861000000","56334000000","53773000000","55758000000","58656000000","54944000000","53689000000","61549000000"
"                        Other EU ($)",,,,,,,,,,,,,,,,,,,,,,,,"14868000000","22875000000","29014000000","30435000000","31207000000","31634000000","21907000000","27379000000","32368000000","32469000000","32674000000","37293000000","36925000000","36487000000","38567000000","42572000000"
"                        Other euro area ($)",,,,,,,,,,,,,,,,,,,,,,,,"43609000000","47981000000","51901000000","56063000000","64346000000","62453000000","50631000000","58542000000","72517000000","67284000000","65123000000","73188000000","79643000000","86526000000","94030000000","109685000000"
"                        Europe excluding EU ($)",,,,,,,,,,,,,,,,,,,,,,,,"40150000000","43122000000","46739000000","53933000000","55502000000","74472000000","49792000000","63227000000","80530000000","74590000000","73640000000","73555000000","64963000000","66934000000","71836000000","84976000000"
"                Latin America and other Western Hemisphere ($)",,,,,,,,,,,,,,,,,,,,,,,,"219297000000","257944000000","297389000000","336835000000","351035000000","381918000000","288489000000","365657000000","442916000000","455995000000","446076000000","454111000000","419113000000","407263000000","435205000000","474781000000"
"                    By region",,,,,,,,,,,,,,,,,,,,,,,,,,,,,,,,,,,,,,,
"                        Argentina ($)",,,,,,,,,,,,,,,,,,,,,,,,"3191000000","3772000000","4630000000","4028000000","4536000000","5893000000","3931000000","3865000000","4582000000","4422000000","4714000000","4313000000","3994000000","4691000000","4825000000","4914000000"
"                        Brazil ($)",,,,,,,,,,,,,,,,,,,,,,,,"17989000000","21250000000","24572000000","26549000000","25831000000","30722000000","20208000000","24200000000","31539000000","31821000000","27130000000","29586000000","26470000000","24620000000","27803000000","29792000000"
"                        Mexico ($)",,,,,,,,,,,,,,,,,,,,,,,,"140005000000","158599000000","173771000000","202122000000","215122000000","220506000000","179638000000","232804000000","267364000000","283155000000","286732000000","303059000000","303369000000","300274000000","319954000000","352808000000"
"                        Venezuela ($)",,,,,,,,,,,,,,,,,,,,,,,,"17153000000","24946000000","34006000000","37206000000","39997000000","51531000000","28149000000","32825000000","43390000000","38854000000","32123000000","30340000000","15658000000","10980000000","12435000000","13283000000"
"                        Other South and Central America ($)",,,,,,,,,,,,,,,,,,,,,,,,"28961000000","34941000000","41895000000","48020000000","46432000000","53660000000","43989000000","58368000000","76267000000","80912000000","81525000000","73387000000","57795000000","56658000000","59565000000","62430000000"
"                        Other Western Hemisphere ($)",,,,,,,,,,,,,,,,,,,,,,,,"11998000000","14437000000","18515000000","18909000000","19117000000","19607000000","12574000000","13595000000","19774000000","16830000000","13852000000","13425000000","11828000000","10040000000","10624000000","11554000000"
"                Africa ($)",,,,,,,,,,,,,,,,,,,,,,,,"32063000000","45683000000","65281000000","80540000000","92126000000","113614000000","62508000000","85256000000","93337000000","67096000000","50339000000","34899000000","25600000000","26850000000","33629000000","36095000000"
"                    By region",,,,,,,,,,,,,,,,,,,,,,,,,,,,,,,,,,,,,,,
"                        South Africa ($)",,,,,,,,,,,,,,,,,,,,,,,,"4636000000","5957000000","5904000000","7519000000","9074000000","9971000000","5902000000","8255000000","9544000000","8727000000","8522000000","8388000000","7358000000","6803000000","7782000000","8520000000"
"                        Other Africa ($)",,,,,,,,,,,,,,,,,,,,,,,,"27427000000","39726000000","59376000000","73021000000","83052000000","103643000000","56607000000","77001000000","83793000000","58368000000","41818000000","26511000000","18242000000","20047000000","25847000000","27575000000"
"                Middle East ($)",,,,,,,,,,,,,,,,,,,,,,,,"42738000000","53886000000","64941000000","75140000000","80871000000","115866000000","61577000000","77028000000","106958000000","118268000000","108410000000","105209000000","64382000000","57900000000","64574000000","71507000000"
"                Asia & Pacific ($)",,,,,,,,,,,,,,,,,,,,,,,,"465414000000","546453000000","614289000000","691397000000","726316000000","739021000000","604210000000","741700000000","819636000000","870502000000","884929000000","936320000000","965340000000","946357000000","1012710000000","1080640000000"
"                    By region",,,,,,,,,,,,,,,,,,,,,,,,,,,,,,,,,,,,,,,
"                        Australia ($)",,,,,,,,,,,,,,,,,,,,,,,,"6527000000","7678000000","7454000000","8380000000","8797000000","10823000000","8196000000","8815000000","10505000000","9817000000","9499000000","10921000000","11050000000","9635000000","10188000000","10294000000"
"                        China ($)",,,,,,,,,,,,,,,,,,,,,,,,"152974000000","197456000000","244699000000","289246000000","322975000000","339581000000","297872000000","366126000000","400632000000","426792000000","441616000000","469660000000","484071000000","463212000000","506289000000","540268000000"
"                        Hong Kong ($)",,,,,,,,,,,,,,,,,,,,,,,,"9560000000","10211000000","9692000000","8552000000","7345000000","6965000000","3877000000","4696000000","4892000000","5894000000","6120000000","6707000000","7318000000","7784000000","7779000000","6780000000"
"                        India ($)",,,,,,,,,,,,,,,,,,,,,,,,"13091000000","15625000000","18896000000","21969000000","24233000000","25888000000","21336000000","29683000000","36338000000","40673000000","41981000000","45526000000","44902000000","46120000000","48697000000","54516000000"
"                        Japan ($)",,,,,,,,,,,,,,,,,,,,,,,,"119347000000","131517000000","140388000000","150853000000","148281000000","142407000000","97804000000","122929000000","131806000000","149164000000","141313000000","137321000000","134365000000","134168000000","138272000000","144600000000"
"                        Korea ($)",,,,,,,,,,,,,,,,,,,,,,,,"37797000000","46886000000","44217000000","46427000000","48734000000","49402000000","40115000000","49762000000","57587000000","59585000000","62962000000","70695000000","72448000000","70398000000","71838000000","74965000000"
"                        Singapore ($)",,,,,,,,,,,,,,,,,,,,,,,,"15434000000","15714000000","15557000000","18383000000","18920000000","16874000000","16323000000","18454000000","20079000000","20627000000","17961000000","16574000000","18335000000","17784000000","19322000000","27050000000"
"                        Taiwan ($)",,,,,,,,,,,,,,,,,,,,,,,,"32292000000","35193000000","35350000000","38703000000","38846000000","36881000000","28743000000","36016000000","41543000000","38964000000","38023000000","40958000000","41011000000","39241000000","42505000000","45799000000"
"                        Other Asia & Pacific ($)",,,,,,,,,,,,,,,,,,,,,,,,"78391000000","86173000000","98036000000","108886000000","108185000000","110201000000","89943000000","105219000000","116256000000","118987000000","125454000000","137957000000","151840000000","158015000000","167815000000","176364000000"
"        Imports of services ($)","41492000000","45503000000","51750000000","54973000000","67748000000","72863000000","80147000000","90788000000","98525000000","102480000000","117660000000","118459000000","119566000000","123780000000","133057000000","141397000000","152554000000","165932000000","180677000000","192893000000","216115000000","213465000000","224379000000","242219000000","283083000000","304448000000","341165000000","372575000000","409052000000","386801000000","409313000000","435761000000","452013000000","461087000000","480761000000","491966000000","509838000000","542471000000","559211000000"
"            By type",,,,,,,,,,,,,,,,,,,,,,,,,,,,,,,,,,,,,,,
"                Maintenance and repair services n.i.e. ($)",,,,,,,,,,,,,,,,,,,,"1278000000","2569000000","1999000000","2217000000","2246000000","2395000000","3015000000","4583000000","5209000000","5742000000","5938000000","6909000000","8236000000","8015000000","7420000000","7520000000","9013000000","8731000000","8337000000","8721000000"
"                Transport ($)",,,,,,,,,,,,,,,,,,,,"49620000000","57606000000","53840000000","51491000000","57863000000","69158000000","75643000000","77962000000","79326000000","83988000000","64133000000","74628000000","81377000000","84985000000","90634000000","94188000000","97006000000","96939000000","101744000000","108305000000"
"                Travel for all purposes, including education ($)",,,,,,,,,,,,,,,,,,,,"59592000000","65787000000","60730000000","59942000000","61884000000","74024000000","79988000000","84206000000","89235000000","92545000000","81421000000","86623000000","89700000000","100338000000","98120000000","105668000000","114548000000","123569000000","135024000000","144156000000"
"                Insurance services ($)",,,,,,,,,,,,,,,,,,,,"9389000000","11284000000","16706000000","21927000000","25233000000","29089000000","28710000000","39382000000","47517000000","58913000000","63801000000","61478000000","55654000000","55513000000","53420000000","51011000000","47420000000","49900000000","50665000000","38228000000"
"                Financial services ($)",,,,,,,,,,,,,,,,,,,,"8280000000","10936000000","10157000000","8963000000","8948000000","11156000000","12126000000","14733000000","19197000000","17218000000","14415000000","15502000000","17368000000","16703000000","21545000000","24883000000","25769000000","25752000000","28931000000","30790000000"
"                Charges for the use of intellectual property n.i.e. ($)",,,,,,,,,,,,,,,,,,,,"13302000000","16606000000","16661000000","19493000000","19259000000","23691000000","25577000000","25038000000","26479000000","29623000000","31297000000","32551000000","36087000000","38661000000","38860000000","41983000000","40608000000","46577000000","51284000000","53751000000"
"                Telecommunications, computer, and information services ($)",,,,,,,,,,,,,,,,,,,,"13332000000","12397000000","12421000000","11721000000","13063000000","14210000000","15975000000","19776000000","22384000000","24655000000","25784000000","29015000000","32756000000","32779000000","35034000000","36502000000","36704000000","37391000000","40054000000","40417000000"
"                Other business services ($)",,,,,,,,,,,,,,,,,,,,"23887000000","24414000000","25629000000","29274000000","30103000000","33065000000","35960000000","48130000000","54968000000","67488000000","68553000000","70646000000","83289000000","87157000000","90714000000","94771000000","99368000000","99476000000","104385000000","111865000000"
"                Government goods and services n.i.e. ($)",,,,,,,,,,,,,,,,,,,,"14212000000","14516000000","15322000000","19353000000","23619000000","26296000000","27454000000","27353000000","28260000000","28880000000","31460000000","31960000000","31293000000","27861000000","25341000000","24236000000","21531000000","21503000000","22047000000","22978000000"
"            By region",,,,,,,,,,,,,,,,,,,,,,,,,,,,,,,,,,,,,,,
"                Canada ($)",,,,,,,,,,,,,,,,,,,,,,,,"19971000000","21213000000","22582000000","23921000000","25694000000","25973000000","23691000000","27351000000","30518000000","31138000000","30779000000","30121000000","29289000000","30588000000","33025000000","35104000000"
"                Europe ($)",,,,,,,,,,,,,,,,,,,,,,,,"109249000000","123791000000","134228000000","153197000000","168728000000","184044000000","167096000000","172108000000","185316000000","189335000000","194678000000","203395000000","207255000000","214693000000","232351000000","230570000000"
"                    By region",,,,,,,,,,,,,,,,,,,,,,,,,,,,,,,,,,,,,,,
"                        Belgium ($)",,,,,,,,,,,,,,,,,,,,,,,,"2130000000","2547000000","2431000000","2778000000","3228000000","3726000000","3888000000","4219000000","5016000000","4717000000","5149000000","5780000000","5872000000","5729000000","5415000000","5153000000"
"                        France ($)",,,,,,,,,,,,,,,,,,,,,,,,"10315000000","11690000000","12957000000","15257000000","16396000000","15148000000","15548000000","15820000000","17571000000","16543000000","14995000000","16430000000","16251000000","16562000000","17531000000","18131000000"
"                        Germany ($)",,,,,,,,,,,,,,,,,,,,,,,,"20653000000","22768000000","23818000000","26911000000","29881000000","33372000000","28668000000","28397000000","30028000000","31290000000","32491000000","32456000000","31700000000","33775000000","35364000000","32959000000"
"                        Italy ($)",,,,,,,,,,,,,,,,,,,,,,,,"6664000000","8648000000","9426000000","10067000000","10211000000","9913000000","8690000000","9552000000","10494000000","10838000000","10353000000","10581000000","10732000000","11360000000","12407000000","13382000000"
"                        Luxembourg ($)",,,,,,,,,,,,,,,,,,,,,,,,"463000000","632000000","544000000","746000000","924000000","958000000","1552000000","1211000000","1381000000","1525000000","1646000000","1645000000","1817000000","2077000000","1892000000","1754000000"
"                        Netherlands ($)",,,,,,,,,,,,,,,,,,,,,,,,"6609000000","7174000000","7767000000","7709000000","7519000000","8708000000","7159000000","8061000000","8495000000","8299000000","9302000000","9628000000","10208000000","10559000000","11161000000","12386000000"
"                        UK ($)",,,,,,,,,,,,,,,,,,,,,,,,"29655000000","32534000000","33682000000","38614000000","41870000000","45259000000","38510000000","42307000000","46997000000","46888000000","49038000000","52414000000","53560000000","52339000000","56927000000","60415000000"
"                        Other EU ($)",,,,,,,,,,,,,,,,,,,,,,,,"5103000000","7963000000","9495000000","9511000000","9507000000","12996000000","10704000000","10484000000","11013000000","11282000000","10975000000","11628000000","12098000000","12084000000","12789000000","13966000000"
"                        Other euro area ($)",,,,,,,,,,,,,,,,,,,,,,,,"11447000000","13154000000","14622000000","19308000000","24993000000","25602000000","23614000000","23564000000","25136000000","25673000000","27236000000","29213000000","32008000000","34676000000","38482000000","37870000000"
"                        Europe excluding EU ($)",,,,,,,,,,,,,,,,,,,,,,,,"16210000000","16681000000","19486000000","22295000000","24199000000","28363000000","28762000000","28493000000","29184000000","32279000000","33493000000","33620000000","33010000000","35530000000","40384000000","34554000000"
"                Latin America and other Western Hemisphere ($)",,,,,,,,,,,,,,,,,,,,,,,,"45941000000","55541000000","54687000000","61409000000","65585000000","79213000000","84602000000","87596000000","88913000000","91285000000","91950000000","96216000000","100724000000","101739000000","103751000000","106298000000"
"                    By region",,,,,,,,,,,,,,,,,,,,,,,,,,,,,,,,,,,,,,,
"                        Argentina ($)",,,,,,,,,,,,,,,,,,,,,,,,"653000000","681000000","785000000","905000000","1026000000","1259000000","1186000000","1432000000","1714000000","1898000000","1746000000","1670000000","2228000000","2507000000","2911000000","2747000000"
"                        Brazil ($)",,,,,,,,,,,,,,,,,,,,,,,,"1583000000","1788000000","1817000000","3012000000","3499000000","4514000000","4703000000","5143000000","6959000000","7498000000","7679000000","8265000000","8193000000","7742000000","7208000000","6312000000"
"                        Mexico ($)",,,,,,,,,,,,,,,,,,,,,,,,"12526000000","13902000000","14421000000","14870000000","15334000000","15904000000","14021000000","13966000000","14663000000","15444000000","17256000000","19891000000","22875000000","24097000000","25492000000","25328000000"
"                        Venezuela ($)",,,,,,,,,,,,,,,,,,,,,,,,"484000000","432000000","506000000","624000000","642000000","718000000","708000000","620000000","686000000","776000000","658000000","679000000","812000000","785000000","593000000","533000000"
"                        Other South and Central America ($)",,,,,,,,,,,,,,,,,,,,,,,,"5935000000","7100000000","8625000000","9760000000","10561000000","11913000000","10751000000","11629000000","13022000000","14365000000","14925000000","15796000000","16788000000","16145000000","16914000000","19392000000"
"                        Other Western Hemisphere ($)",,,,,,,,,,,,,,,,,,,,,,,,"24759000000","31638000000","28534000000","32237000000","34522000000","44906000000","53232000000","54807000000","51869000000","51304000000","49685000000","49915000000","49829000000","50463000000","50633000000","51987000000"
"                Africa ($)",,,,,,,,,,,,,,,,,,,,,,,,"4018000000","4116000000","4640000000","5147000000","6057000000","7683000000","8011000000","7934000000","9029000000","8903000000","8445000000","8398000000","8293000000","8662000000","9737000000","11019000000"
"                    By region",,,,,,,,,,,,,,,,,,,,,,,,,,,,,,,,,,,,,,,
"                        South Africa ($)",,,,,,,,,,,,,,,,,,,,,,,,"1018000000","1051000000","999000000","1352000000","1330000000","1747000000","1503000000","1570000000","1641000000","1768000000","1644000000","1614000000","1606000000","1843000000","1908000000","2028000000"
"                        Other Africa ($)",,,,,,,,,,,,,,,,,,,,,,,,"3000000000","3065000000","3642000000","3795000000","4727000000","5936000000","6508000000","6364000000","7388000000","7135000000","6801000000","6784000000","6687000000","6819000000","7830000000","8992000000"
"                Middle East ($)",,,,,,,,,,,,,,,,,,,,,,,,"11699000000","14746000000","16612000000","17374000000","18007000000","19260000000","19967000000","18049000000","17229000000","15628000000","15606000000","15984000000","16623000000","17258000000","18496000000","21151000000"
"                Asia & Pacific ($)",,,,,,,,,,,,,,,,,,,,,,,,"47996000000","58452000000","66612000000","79457000000","88356000000","91702000000","83130000000","95203000000","104416000000","114406000000","119374000000","125385000000","129531000000","135455000000","144852000000","153352000000"
"                    By region",,,,,,,,,,,,,,,,,,,,,,,,,,,,,,,,,,,,,,,
"                        Australia ($)",,,,,,,,,,,,,,,,,,,,,,,,"2733000000","3557000000","4119000000","4540000000","5045000000","5505000000","5445000000","5269000000","6190000000","6862000000","6627000000","6481000000","7189000000","7223000000","7707000000","8075000000"
"                        China ($)",,,,,,,,,,,,,,,,,,,,,,,,"4256000000","6217000000","6857000000","10140000000","11800000000","10924000000","9560000000","10609000000","11781000000","13040000000","13908000000","14017000000","14987000000","16032000000","17419000000","18382000000"
"                        Hong Kong ($)",,,,,,,,,,,,,,,,,,,,,,,,"2916000000","4355000000","5116000000","6488000000","7037000000","7175000000","5693000000","6419000000","6704000000","7044000000","7656000000","8506000000","8910000000","8903000000","9803000000","10426000000"
"                        India ($)",,,,,,,,,,,,,,,,,,,,,,,,"2027000000","2687000000","4752000000","7054000000","9950000000","12654000000","12222000000","14711000000","17376000000","18773000000","20387000000","22431000000","24659000000","25817000000","28136000000","28761000000"
"                        Japan ($)",,,,,,,,,,,,,,,,,,,,,,,,"16476000000","18827000000","20577000000","23896000000","24370000000","24609000000","21353000000","24589000000","24700000000","27275000000","30166000000","31190000000","29294000000","31064000000","33062000000","34525000000"
"                        Korea ($)",,,,,,,,,,,,,,,,,,,,,,,,"6084000000","6624000000","6911000000","8257000000","8920000000","8079000000","7857000000","9334000000","9735000000","10641000000","10643000000","10717000000","11131000000","10903000000","10883000000","12377000000"
"                        Singapore ($)",,,,,,,,,,,,,,,,,,,,,,,,"2065000000","2464000000","3242000000","3164000000","3379000000","4069000000","4068000000","4279000000","5224000000","5558000000","5578000000","6083000000","6723000000","7220000000","7892000000","8634000000"
"                        Taiwan ($)",,,,,,,,,,,,,,,,,,,,,,,,"4529000000","5422000000","6311000000","6798000000","7313000000","6236000000","4758000000","5865000000","6499000000","7234000000","7171000000","7388000000","7650000000","7747000000","8082000000","8440000000"
"                        Other Asia & Pacific ($)",,,,,,,,,,,,,,,,,,,,,,,,"6909000000","8300000000","8728000000","9120000000","10543000000","12450000000","12174000000","14129000000","16206000000","17978000000","17238000000","18572000000","18989000000","20548000000","21867000000","23731000000"
"                International organizations and unallocated ($)",,,,,,,,,,,,,,,,,,,,,,,,"3344000000","5223000000","5086000000","662000000","148000000","1177000000","304000000","1071000000","341000000","1318000000","255000000","1262000000","250000000","1443000000","259000000","1717000000"
"        Income receipts of foreigners from US ($)","50882000000","65328000000","77904000000","76954000000","100908000000","101323000000","111435000000","122574000000","148255000000","172729000000","174999000000","121294000000","151480000000","156098000000","192567000000","230845000000","250229000000","293812000000","315165000000","363461000000","425261000000","366756000000","371449000000","411480000000","498112000000","630799000000","795762000000","911443000000","873308000000","688754000000","706993000000","751562000000","766108000000","806458000000","840726000000","849836000000","898810000000","979031000000","1067300000000"
"            By type",,,,,,,,,,,,,,,,,,,,,,,,,,,,,,,,,,,,,,,
"                Payments for investment on return and compensation ($)","42533000000","53626000000","61359000000","59643000000","80574000000","79324000000","87304000000","99309000000","122981000000","146560000000","148345000000","131198000000","114845000000","116287000000","152302000000","192771000000","207212000000","248750000000","261978000000","287981000000","338637000000","269447000000","263860000000","289657000000","362179000000","480317000000","653928000000","749977000000","685918000000","498089000000","511948000000","544853000000","560497000000","586842000000","606152000000","606464000000","637151000000","706386000000","816066000000"
"                Transfer payments ($)","8349000000","11702000000","16545000000","17311000000","20334000000","21999000000","24131000000","23265000000","25274000000","26169000000","26654000000","-9904000000","36635000000","39811000000","40265000000","38074000000","43017000000","45062000000","53187000000","75480000000","86624000000","97309000000","107589000000","121823000000","135933000000","150482000000","141834000000","161466000000","187390000000","190665000000","195045000000","206709000000","205611000000","219616000000","234574000000","243372000000","261659000000","272645000000","251237000000"
"            By region",,,,,,,,,,,,,,,,,,,,,,,,,,,,,,,,,,,,,,,
"                Canada ($)",,,,,,,,,,,,,,,,,,,,,,,,"12946000000","19019000000","20459000000","32271000000","31193000000","30086000000","23165000000","30399000000","34881000000","36961000000","43405000000","44840000000","45229000000","45669000000","55102000000","62743000000"
"                Europe ($)",,,,,,,,,,,,,,,,,,,,,,,,"180869000000","212022000000","278366000000","355070000000","398238000000","383231000000","270164000000","277537000000","307573000000","308598000000","320625000000","340596000000","334871000000","363560000000","402326000000","424303000000"
"                    By region",,,,,,,,,,,,,,,,,,,,,,,,,,,,,,,,,,,,,,,
"                        Belgium ($)",,,,,,,,,,,,,,,,,,,,,,,,"12179000000","15002000000","17670000000","19791000000","24579000000","26291000000","22977000000","21251000000","21109000000","21249000000","23445000000","24896000000","21840000000","22239000000","31189000000","31415000000"
"                        France ($)",,,,,,,,,,,,,,,,,,,,,,,,"11220000000","14431000000","19170000000","23955000000","16789000000","23303000000","20651000000","20954000000","19774000000","22062000000","20270000000","18806000000","24357000000","20140000000","21477000000","25059000000"
"                        Germany ($)",,,,,,,,,,,,,,,,,,,,,,,,"16995000000","23399000000","23968000000","29290000000","25923000000","40450000000","25058000000","29143000000","29861000000","27701000000","26401000000","32058000000","27629000000","31082000000","31894000000","37398000000"
"                        Italy ($)",,,,,,,,,,,,,,,,,,,,,,,,"2712000000","2926000000","2847000000","3235000000","3549000000","3908000000","2420000000","3093000000","3713000000","4172000000","4100000000","4290000000","2999000000","3187000000","3619000000","4647000000"
"                        Luxembourg ($)",,,,,,,,,,,,,,,,,,,,,,,,"11435000000","15451000000","20733000000","26575000000","34732000000","35396000000","25125000000","25486000000","30711000000","34753000000","38461000000","40817000000","44071000000","51380000000","52473000000","60141000000"
"                        Netherlends ($)",,,,,,,,,,,,,,,,,,,,,,,,"13967000000","19393000000","26376000000","33778000000","38571000000","25507000000","23313000000","26653000000","28855000000","29622000000","32403000000","28847000000","24667000000","28351000000","26338000000","32601000000"
"                        UK ($)",,,,,,,,,,,,,,,,,,,,,,,,"67340000000","67856000000","100912000000","135607000000","151356000000","112814000000","72022000000","74454000000","83890000000","77680000000","77449000000","77015000000","64624000000","75692000000","83641000000","94104000000"
"                        Other EU ($)",,,,,,,,,,,,,,,,,,,,,,,,"4490000000","8023000000","9904000000","12502000000","14371000000","16650000000","10740000000","11827000000","12491000000","11856000000","13221000000","11260000000","10285000000","11229000000","14575000000","14240000000"
"                        Other euro area ($)",,,,,,,,,,,,,,,,,,,,,,,,"11822000000","13140000000","18351000000","25617000000","34538000000","31036000000","20436000000","20320000000","20511000000","23192000000","27801000000","37211000000","47749000000","49421000000","60912000000","58516000000"
"                        Europe excluding EU ($)",,,,,,,,,,,,,,,,,,,,,,,,"28708000000","32400000000","38437000000","44720000000","53829000000","67874000000","47421000000","44357000000","56657000000","56312000000","57074000000","65397000000","66648000000","70837000000","76209000000","66183000000"
"                Latin America and other Western Hemisphere ($)",,,,,,,,,,,,,,,,,,,,,,,,"89874000000","113237000000","141754000000","183574000000","218175000000","200415000000","143884000000","139750000000","142236000000","151482000000","162939000000","175271000000","185019000000","196181000000","205578000000","228834000000"
"                    By region",,,,,,,,,,,,,,,,,,,,,,,,,,,,,,,,,,,,,,,
"                        Argentina ($)",,,,,,,,,,,,,,,,,,,,,,,,"656000000","748000000","1027000000","1126000000","1194000000","996000000","661000000","678000000","773000000","679000000","770000000","472000000","576000000","624000000","821000000","981000000"
"                        Brazil ($)",,,,,,,,,,,,,,,,,,,,,,,,"1447000000","1853000000","2696000000","4030000000","7150000000","8432000000","5501000000","5381000000","6620000000","6908000000","6689000000","7073000000","6670000000","6565000000","6626000000","7762000000"
"                        Mexico ($)",,,,,,,,,,,,,,,,,,,,,,,,"22064000000","21865000000","26050000000","29556000000","31199000000","32084000000","27408000000","27878000000","29573000000","29063000000","30101000000","30060000000","30288000000","30698000000","31781000000","33575000000"
"                        Venezuela ($)",,,,,,,,,,,,,,,,,,,,,,,,"1133000000","1728000000","2396000000","2352000000","2660000000","1954000000","218000000","310000000","1134000000","1682000000","1365000000","1409000000","1314000000","678000000","882000000","1349000000"
"                        Other South and Central America ($)",,,,,,,,,,,,,,,,,,,,,,,,"12737000000","14911000000","16771000000","19413000000","20771000000","23887000000","18189000000","17486000000","17300000000","18035000000","18323000000","25942000000","27456000000","28377000000","29576000000","31215000000"
"                        Other Western Hemisphere ($)",,,,,,,,,,,,,,,,,,,,,,,,"51838000000","72131000000","92815000000","127097000000","155201000000","133063000000","91907000000","88017000000","86836000000","95115000000","105691000000","110314000000","118715000000","129239000000","135892000000","153951000000"
"                Africa ($)",,,,,,,,,,,,,,,,,,,,,,,,"6458000000","8970000000","10139000000","9369000000","11431000000","18493000000","19201000000","19694000000","21471000000","21775000000","21796000000","18582000000","20608000000","18907000000","19868000000","23661000000"
"                    By region",,,,,,,,,,,,,,,,,,,,,,,,,,,,,,,,,,,,,,,
"                        South Africa ($)",,,,,,,,,,,,,,,,,,,,,,,,"419000000","772000000","1138000000","1260000000","1111000000","1163000000","1283000000","1175000000","1403000000","1142000000","1003000000","1633000000","1500000000","1275000000","1512000000","1767000000"
"                        Other Africa ($)",,,,,,,,,,,,,,,,,,,,,,,,"6038000000","8199000000","9001000000","8109000000","10321000000","17332000000","17919000000","18519000000","20068000000","20633000000","20792000000","16949000000","19108000000","17632000000","18356000000","21894000000"
"                Middle East ($)",,,,,,,,,,,,,,,,,,,,,,,,"15256000000","16251000000","23855000000","24617000000","27935000000","28682000000","23963000000","20916000000","21270000000","22821000000","23169000000","25308000000","25544000000","27788000000","28101000000","32048000000"
"                Asia & Pacific ($)",,,,,,,,,,,,,,,,,,,,,,,,"77340000000","100445000000","127531000000","161686000000","190512000000","177882000000","170706000000","182444000000","188508000000","187702000000","191903000000","195775000000","195323000000","196403000000","216188000000","237096000000"
"                    By region",,,,,,,,,,,,,,,,,,,,,,,,,,,,,,,,,,,,,,,
"                        Australia ($)",,,,,,,,,,,,,,,,,,,,,,,,"3728000000","5649000000","8237000000","10620000000","11764000000","9146000000","6648000000","9759000000","10792000000","7136000000","8739000000","10357000000","9351000000","9688000000","11476000000","15531000000"
"                        China ($)",,,,,,,,,,,,,,,,,,,,,,,,"12288000000","15625000000","23834000000","35260000000","47658000000","54190000000","52212000000","50450000000","46687000000","42058000000","42667000000","43694000000","43105000000","39321000000","39830000000","42834000000"
"                        Hong Kong ($)",,,,,,,,,,,,,,,,,,,,,,,,"3001000000","3100000000","4187000000","5811000000","7496000000","7285000000","7528000000","7860000000","7690000000","5357000000","5334000000","5514000000","5938000000","6882000000","7506000000","9899000000"
"                        India ($)",,,,,,,,,,,,,,,,,,,,,,,,"2098000000","2626000000","3405000000","3826000000","4897000000","4095000000","7990000000","8262000000","8467000000","9517000000","10113000000","11739000000","13007000000","14683000000","16328000000","17560000000"
"                        Japan ($)",,,,,,,,,,,,,,,,,,,,,,,,"35781000000","48901000000","55953000000","66445000000","70551000000","61606000000","51177000000","58901000000","60768000000","64779000000","64819000000","65263000000","61856000000","63560000000","74905000000","80602000000"
"                        Korea ($)",,,,,,,,,,,,,,,,,,,,,,,,"4129000000","5040000000","6460000000","8333000000","9576000000","7418000000","6675000000","7800000000","8362000000","9673000000","10411000000","10088000000","9953000000","10910000000","11511000000","13076000000"
"                        Singapore ($)",,,,,,,,,,,,,,,,,,,,,,,,"3056000000","3675000000","4538000000","5952000000","7040000000","2756000000","5596000000","5282000000","6995000000","7187000000","8163000000","8663000000","9113000000","8447000000","8720000000","9711000000"
"                        Taiwan ($)",,,,,,,,,,,,,,,,,,,,,,,,"4531000000","5736000000","6838000000","7973000000","7975000000","7981000000","8003000000","8677000000","8951000000","13106000000","13737000000","14227000000","16209000000","17025000000","18619000000","20063000000"
"                        Other Asia & Pacific ($)",,,,,,,,,,,,,,,,,,,,,,,,"8727000000","10095000000","14082000000","17467000000","23557000000","23403000000","24876000000","25452000000","29796000000","28889000000","27920000000","26230000000","26793000000","25887000000","27293000000","27820000000"
"                International organizations and unallocated ($)",,,,,,,,,,,,,,,,,,,,,,,,"28738000000","28169000000","28696000000","29175000000","33958000000","34520000000","37672000000","36255000000","35623000000","36770000000","42620000000","40354000000","43243000000","50302000000","51868000000","58617000000"

"Sources:"
,"Agency","Source","Table","Url","Direct Link","Updated","Update Schedule"
,"Bureau of Economic Analysis","International Trade in Goods and Services",,"https://www.bea.gov/data/intl-trade-investment/international-trade-goods-and-services",,"2020","Yearly"
"Exported on: 06/13/2021"
